latitud,provincia,altitud,indicativo,nombre,indsinop,longitud,codigo_postal
394924N,ILLES BALEARS,490,B013X,"ESCORCA, LLUC",08304,025309E,07315
394744N,ILLES BALEARS,5,B051A,"SÓLLER, PUERTO",08316,024129E,07108
393446N,ILLES BALEARS,52,B103B,ANDRATX - SANT ELM,,022208E,07159
393305N,ILLES BALEARS,50,B158X,"CALVIÀ, ES CAPDELLÀ",,022759E,07160
394121N,ILLES BALEARS,60,B087X,BANYALBUFAR,,023046E,07191
393315N,ILLES BALEARS,3,B228,"PALMA, PUERTO",08301,023731E,07014
394406N,ILLES BALEARS,1030,B248,"SIERRA DE ALFABIA, BUNYOLA",08303,024247E,07100
393621N,BALEARES,47,B275E,"SON BONET, AEROPUERTO",08302,024224E,07141
393832N,ILLES BALEARS,95,B236C,"PALMA, UNIVERSITAT",,023838E,07122
392247N,ILLES BALEARS,113,B301,"LLUCMAJOR, CAP BLANC",08308,024706E,
392944N,ILLES BALEARS,140,B334X,LLUCMAJOR,,025330E,07620
393339N,BALEARES,5,B278,"PALMA DE MALLORCA, AEROPUERTO",08306,024412E,07610
392104N,ILLES BALEARS,3,B373X,"CAMPOS, SALINES LLEVANT",,030043E,07638
393022N,ILLES BALEARS,149,B341X,PORRERES,,030020E,07260
393118N,ILLES BALEARS,120,B346X,PORRERES,08310,030109E,07260
392421N,ILLES BALEARS,40,B362X,"CAMPOS, CAN SION",,030351E,
390808N,ILLES BALEARS,165,B398A,"CABRERA, PARQUE NACIONAL DE CABRERA",,025612E,
392024N,ILLES BALEARS,45,B410B,SANTANYÍ,,030845E,07690
392452N,ILLES BALEARS,17,B434X,PORTOCOLOM  ,08309,031618E,07670
393749N,ILLES BALEARS,25,B496X,SON SERVERA,,032301E,07559
394119N,ILLES BALEARS,110,B526X,ARTÀ,,032104E,07570
394748N,ILLES BALEARS,2,B605X,"MURO, S'ALBUFERA",,030617E,07408
394323N,ILLES BALEARS,99,B603X,ARTÀ-COLÒNIA DE SANT PERE,,031643E,07579
394300N,ILLES BALEARS,57,B569X,CAPDEPERA,08311,032841E,07590
393659N,ILLES BALEARS,95,B640X,PETRA,,030716E,07520
393325N,ILLES BALEARS,100,B614E,MANACOR,,031304E,07500
393909N,ILLES BALEARS,121,B656A,SANTA MARÍA DEL CAMÍ,,024801E,07330
393836N,ILLES BALEARS,120,B644B,SINEU,,030008E,07510
394041N,ILLES BALEARS,105,B662X,BINISSALEM,,025226E,07140
394454N,BALEARES,40,B691,LA PUEBLA (SA CANOVA),,030055E,07420
394734N,ILLES BALEARS,842,B684A,"ESCORCA, SON TORRELLA",,024716E,07109
395237N,ILLES BALEARS,45,B760X,POLLENÇA,,030127E,07460
395234N,ILLES BALEARS,78,B800X,"LA MOLA, MAÓ",,041926E,07720
394457N,BALEARES,32,B691Y,SA POBLA,08312,030100E,07420
395434N,ILLES BALEARS,2,B780X,PORT DE POLLENÇA,,030601E,07470
395641N,ILLES BALEARS,43,B870C,"CIUTADELLA, CALA GALDANA",,035724E,07760
395934N,ILLES BALEARS,20,B860X,CIUTADELLA,,035114E,07760
395117N,BALEARES,91,B893,"MENORCA, AEROPUERTO",08314,041256E,07712
395926N,ILLES BALEARS,80,B825B,ES MERCADAL,,040511E,07740
385747N,ILLES BALEARS,32,B925,SANT ANTONI DE PORTMANY,,011917E,07820
385522N,ILLES BALEARS,3,B957,EIVISSA,,012629E,07800
390322N,ILLES BALEARS,110,B908X,SANT JOAN DE LABRITJA,,012933E,07812
385235N,ILLES BALEARS,6,B954,"IBIZA, AEROPUERTO",08373,012304E,07817
285811N,LAS PALMAS,376,C018J,TÍAS,,134125W,35571
384137N,ILLES BALEARS,24,B986,FORMENTERA,,012749E,07871
285132N,LAS PALMAS,6,C019V,YAIZA PLAYA BLANCA,,135006W,35580
285707N,LAS PALMAS,14,C029O,LANZAROTE AEROPUERTO,60040,133601W,35500
290837N,LAS PALMAS,277,C038N,HARÍA,,132921W,35520
284521N,STA. CRUZ DE TENERIFE,2223,C101A,ROQUE DE LOS MUCHACHOS,,175343W,
290233N,LAS PALMAS,275,C048W,TINAJO,,134051W,35560
283545N,STA. CRUZ DE TENERIFE,62,C129Z,TAZACORTE,60004,175455W,38769
284029N,STA. CRUZ DE TENERIFE,733,C117Z,TIJARAFE,,175612W,38797
283914N,STA. CRUZ DE TENERIFE,844,C126A,EL PASO,,175111W,38758
282718N,STA. CRUZ DE TENERIFE,19,C129V,FUENCALIENTE,,175028W,38740
284538N,STA. CRUZ DE TENERIFE,684,C117A,PUNTAGORDA,,175908W,38789
281231N,LAS PALMAS,1,C239N,"TUINEJE,PUERTO GRAN TARAJAL",,140123W,35620
280257N,LAS PALMAS,15,C229J,PÁJARA,,142129W,35365
283759N,SANTA CRUZ DE TENERIFE,33,C139E,LA PALMA AEROPUERTO,60005,174518W,38711
282501N,LAS PALMAS,252,C248E,ANTIGUA,,140109W,35637
284817N,STA. CRUZ DE TENERIFE,362,C148F,SAN ANDRÉS Y SAUCES,,174656W,38720
282641N,LAS PALMAS,25,C249I,FUERTEVENTURA AEROPUERTO,60035,135147W,35610
280742N,STA. CRUZ DE TENERIFE,916,C316I,ARURE,,171854W,38840
280625N,STA. CRUZ DE TENERIFE,1474,C314Z,"VALLEHERMOSO, ALTO IGUALERO  ",,171457W,38810
283645N,LAS PALMAS,217,C258K,LA OLIVA,,135554W,35649
280315N,STA. CRUZ DE TENERIFE,190,C319W,"VALLEHERMOSO, DAMA",,171823W,38870
281044N,STA. CRUZ DE TENERIFE,765,C317B,AGULO,,171247W,38830
280949N,STA. CRUZ DE TENERIFE,252,C328W,HERMIGUA,,171139W,38820
280523N,STA. CRUZ DE TENERIFE,15,C329Z,SAN SEBASTIÁN DE LA GOMERA,60008,170641W,38800
280154N,STA. CRUZ DE TENERIFE,219,C329B,"LA GOMERA, AEROPUERTO",60007,171239W,
281327N,STA. CRUZ DE TENERIFE,2150,C406G,"LA OROTAVA, CAÑADAS TEIDE",,163734W,
281311N,STA. CRUZ DE TENERIFE,2071,C412N,CITFAGRO_89_CHAVAO,,164219W,
281252N,STA. CRUZ DE TENERIFE,476,C418I,CITFAGRO_05_GUIAISO1,,164723W,38680
281819N,STA. CRUZ DE TENERIFE,990,C415A,CITFAGRO_64_HOYOS,,164820W,38690
281400N,STA. CRUZ DE TENERIFE,735,C417J,CITFAGRO_74_CHIO,,164721W,38689
281201N,STA. CRUZ DE TENERIFE,700,C418L,CITFAGRO_76_POZO,,164547W,38688
281019N,STA. CRUZ DE TENERIFE,1833,C422A,CITFAGRO_94_LOSTOPOS,,163905W,38613
280453N,STA. CRUZ DE TENERIFE,130,C419X,ADEJE,,164238W,38652
281225N,SANTA CRUZ DE TENERIFE,403,C419L,LOMO DEL BALO,60024,164731W,38680
281327N,STA. CRUZ DE TENERIFE,1654,C423R,CITFAGRO_90_PICACHO,,163116W,
280839N,STA. CRUZ DE TENERIFE,1258,C426E,CITFAGRO_13_VILAFLOR,,163741W,38613
281301N,STA. CRUZ DE TENERIFE,930,C426R,CITFAGRO_09_HELECHO,,162926W,38589
281051N,STA. CRUZ DE TENERIFE,418,C428T,ARICO,,162860W,38589
280737N,STA. CRUZ DE TENERIFE,880,C426I,CITFAGRO_77_PINAL,,163621W,38616
280752N,STA. CRUZ DE TENERIFE,135,C428U,CITFAGRO_01_ARICO,,162821W,38580
281830N,SANTA CRUZ DE TENERIFE,2369,C430E,IZAÑA,60010,162959W,
281935N,STA. CRUZ DE TENERIFE,290,C436I,CITFAGRO_54_TOPONEGRO,,162420W,38500
280249N,SANTA CRUZ DE TENERIFE,64,C429I,TENERIFE SUR AEROPUERTO,60025,163340W,38618
282214N,STA. CRUZ DE TENERIFE,525,C436L,CITFAGRO_96_ARAYA,,162351W,38540
282133N,STA. CRUZ DE TENERIFE,463,C438N,CANDELARIA,,162406W,38540
281611N,STA. CRUZ DE TENERIFE,500,C437E,CITFAGRO_81_MENA,,162511W,38590
283135N,STA. CRUZ DE TENERIFE,868,C446G,"SAN CRISTÓBAL DE LA LAGUNA,LLANO DE LOS LOROS",,161649W,38293
281906N,SANTA CRUZ DE TENERIFE,115,C439J,GÜÍMAR,60018,162256W,38508
282839N,SANTA CRUZ DE TENERIFE,632,C447A,TENERIFE NORTE AEROPUERTO,60015,161946W,38206
283336N,STA. CRUZ DE TENERIFE,305,C449Q,CITFAGRO_97_TAGANANA,,161341W,38130
282748N,SANTA CRUZ DE TENERIFE,36,C449C,STA.CRUZ DE TENERIFE,60020,161519W,38003
283029N,STA. CRUZ DE TENERIFE,19,C449F,ANAGA ,,161144W,38120
282745N,STA. CRUZ DE TENERIFE,136,C448C,CITFAGRO_92_SANTACRUZ,,161624W,38009
282341N,STA. CRUZ DE TENERIFE,1744,C453I,CITFAGRO_88_GAITERO,,162600W,
282142N,STA. CRUZ DE TENERIFE,1065,C455M,CITFAGRO_87_AGUAMANSA,,162949W,38310
282658N,STA. CRUZ DE TENERIFE,650,C457E,CITFAGRO_67_MATANZA,,162617W,38370
282222N,STA. CRUZ DE TENERIFE,551,C456R,CITFAGRO_69_SUERTE,,163231W,38300
282714N,STA. CRUZ DE TENERIFE,922,C456E,CITFAGRO_10_RAVELO,,162431W,38355
282141N,STA. CRUZ DE TENERIFE,906,C456P,CITFAGRO_70_BENIJO,,163248W,38318
282207N,STA. CRUZ DE TENERIFE,595,C458U,CITFAGRO_71_PALOB,,163441W,38416
282604N,STA. CRUZ DE TENERIFE,567,C457I,LA VICTORIA DE ACENTEJO,,162716W,38370
282505N,STA. CRUZ DE TENERIFE,25,C459Z,PUERTO DE LA CRUZ,60012,163254W,38400
282947N,STA. CRUZ DE TENERIFE,310,C458A,TACORONTE,,162512W,38350
282112N,STA. CRUZ DE TENERIFE,525,C467I,CITFAGRO_73_REDON,,164230W,38438
282201N,STA. CRUZ DE TENERIFE,218,C468I,CITFAGRO_98_ELDRAGO,,164320W,38430
282021N,STA. CRUZ DE TENERIFE,878,C466O,CITFAGRO_91_CUBO,,164740W,38435
282125N,STA. CRUZ DE TENERIFE,450,C468O,CITFAGRO_62_TRIGO,,164805W,38435
282223N,STA. CRUZ DE TENERIFE,667,C468X,SAN JUAN DE LA RAMBLA,,163733W,38414
275942N,LAS PALMAS,1060,C614H,TEJEDA,60038,153657W,35360
280025N,LAS PALMAS,1514,C612F,"TEJEDA, CRUZ DE TEJEDA",,153556W,35360
275836N,LAS PALMAS,1702,C611E,VEGA DE SAN MATEO,,153502W,35368
280003N,LAS PALMAS,10,C619I,LA ALDEA DE SAN NICOLÁS,60027,154850W,35479
275536N,LAS PALMAS,1220,C623I,"SAN BARTOLOME TIRAJANA, CUEVAS DEL PINAR",,153559W,
280604N,LAS PALMAS,5,C619X,AGAETE,,154246W,35480
275125N,LAS PALMAS,806,C625O,"SAN BARTOLOME TIRAJANA, LOMO PEDRO ALFONSO",,153842W,
275432N,LAS PALMAS,318,C628B,"LA ALDEA DE SAN NICOLÁS, TASARTE",,154612W,35478
280004N,LAS PALMAS,13,C619Y,LA ALDEA DE SAN NICOLÁS,60027,154827W,35479
274845N,LAS PALMAS,41,C639U,"SAN BARTOLOME TIRAJANA, EL MATORRAL",,152711W,35110
274529N,LAS PALMAS,45,C639M,"MASPALOMAS, C. INSULAR TURISMO ",,153432W,35100
274648N,LAS PALMAS,10,C629Q,"MOGÁN, PUERTO RICO",,154240W,35130
275512N,LAS PALMAS,960,C635B,"SAN BARTOLOME TIRAJANA, LAS TIRAJANAS",,153427W,35108
274859N,LAS PALMAS,10,C629X,"MOGÁN, PUERTO",60036,154551W,35138
275915N,LAS PALMAS,344,C648N,"TELDE, CENTRO FORESTAL DORAMAS",,152728W,35200
275912N,LAS PALMAS,9,C649R,"TELDE, MELENARA",,152240W,35214
275504N,LAS PALMAS,24,C649I,GRAN CANARIA AEROPUERTO,60030,152343W,35240
275409N,LAS PALMAS,306,C648C,AGÜIMES,,152714W,35260
280431N,LAS PALMAS,683,C656V,TEROR,,153250W,35330
280523N,LAS PALMAS,55,C659H,"LAS PALMAS DE GRAN CANARIA, SAN CRISTOBAL",60029,152458W,35001
280430N,LAS PALMAS,269,C658L,LAS PALMAS DE G.C. (TAFIRA CMT),,152703W,35013
280441N,LAS PALMAS,269,C658X,"LAS PALMAS DE GRAN CANARIA, TAFIRA",,152712W,35013
280647N,LAS PALMAS,15,C659M,"LAS PALMAS DE GRAN CANARIA, PL. DE LA FERIA",60032,152517W,35003
280830N,LAS PALMAS,86,C669B,ARUCAS,,153024W,35413
280356N,LAS PALMAS,900,C665T,VALLESECO,,153356W,35330
280540N,LAS PALMAS,352,C668V,AGAETE - SUERTE ALTA,,154030W,35489
274409N,LAS PALMAS,6,C689E,MASPALOMAS,60037,153545W,35100
291355N,LAS PALMAS,10,C839I,TEGUISE,,133007W,35540
291347N,LAS PALMAS,19,C839X,LA GRACIOSA,60045,133037W,35540
274331N,STA. CRUZ DE TENERIFE,713,C917E,"EL PINAR, LA DEHESA",,180654W,38912
273955N,STA. CRUZ DE TENERIFE,98,C919K,TACORON-LAPILLAS-TORTUGA,,180107W,38917
274308N,STA. CRUZ DE TENERIFE,948,C916Q,"EL PINAR, DEPÓSITO",,175841W,38914
274608N,STA. CRUZ DE TENERIFE,1070,C925F,"SAN ANDRÉS, VALVERDE",,175737W,38915
274908N,SANTA CRUZ DE TENERIFE,32,C929I,HIERRO AEROPUERTO,60001,175320W,38910
274523N,STA. CRUZ DE TENERIFE,20,C939T,"FRONTERA, SABINOSA",,180627W,38912
274839N,STA. CRUZ DE TENERIFE,670,C928I,VALVERDE,,175510W,38900
410842N,TARRAGONA,71,0016A,REUS AEROPUERTO,08175,010949E,43120
411250N,TARRAGONA,406,0009X,ALFORJA,,005748E,43365
411735N,TARRAGONA,233,0034X,VALLS,,011539E,43800
410915N,TARRAGONA,118,0016B,REUS (CENTRE LECTURA),,010632E,43201
405729N,TARRAGONA,32,0002I,VANDELLÒS  ,08169,005217E,
411949N,BARCELONA,177,0066X,VILAFRANCA DEL PENEDÈS,,014037E,08720
411438N,BARCELONA,58,0073X,SITGES,,015109E,08872
412501N,BARCELONA,632,0061X,PONTONS,,013109E,08738
410726N,TARRAGONA,55,0042Y,TARRAGONA ,,011457E,43002
411734N,BARCELONA,4,0076,BARCELONA AEROPUERTO,08181,020412E,08820
420605N,BARCELONA,682,0092X,BERGA,,015127E,08600
414848N,BARCELONA,742,0120X,MOIÀ,,020543E,08180
420025N,BARCELONA,700,0114X,PRATS DE LLUÇANÈS,,020136E,08513
415159N,BARCELONA,361,0106X,BALSARENY,,015221E,08660
414312N,BARCELONA,291,0149D,MANRESA (LA CULLA),,015025E,08243
413540N,BARCELONA,738,0158O,MONTSERRAT,,015021E,08199
414312N,BARCELONA,291,0149X,MANRESA,08174,015025E,08243
413540N,BARCELONA,738,0158X,MONISTROL DE MONTSERRAT,,015021E,08199
413444N,BARCELONA,313,0171X,IGUALADA,08172,013704E,08700
412429N,BARCELONA,647,0194D,"CORBERA, PUIG D'AGULLES",08179,015306E,08757
412506N,BARCELONA,408,0200E,"BARCELONA, FABRA",,020727E,08035
412230N,BARCELONA,11,0201X,"BARCELONA, DRASSANES",,021026E,08001
412326N,BARCELONA,26,0201D,"BARCELONA, PORT OLÍMPIC",08180,021200E,08005
413125N,BARCELONA,146,0229I,SABADELL AEROPUERTO,08192,020611E,08204
413903N,BARCELONA,40,0255B,SANTA SUSANNA,08188,024149E,08398
413514N,BARCELONA,74,0252D,ARENYS DE MAR,08186,023224E,08350
415804N,GIRONA,51,0294B,LA BISBAL (D'EMPORDA 3),,030232E,17115
421530N,GIRONA,851,0312X,SANT PAU DE SEGÚRIES,,022152E,17864
421901N,GIRONA,1151,0320I,PLANOLES,,020610E,17535
413018N,BARCELONA,56,0244X,VILASSAR DE DALT,,022145E,08339
414536N,BARCELONA,936,0260X,FOGARS DE MONTCLÚS,,022552E,08469
413646N,BARCELONA,175,0222X,CALDES DE MONTBUI,,021006E,08140
414037N,GIRONA,45,0281Y,BLANES,,024818E,17300
414828N,GIRONA,14,0284X,CASTELL D'ARO,,030151E,17246
421322N,GIRONA,731,0321,CAMPDEVANOL,,021002E,17530
421129N,GIRONA,675,0324A,RIPOLL,08118,021146E,17500
415048N,BARCELONA,611,0341,TONA (ESCOLA),,021336E,08551
420310N,GIRONA,337,0360X,LES PLANES D'HOSTOLES,,023304E,17172
415049N,BARCELONA,607,0341X,TONA,,021321E,08551
415534N,BARCELONA,578,0349,SANT JULIÀ  DE VILATORTA,08119,021903E,08504
415442N,GIRONA,143,0367,GIRONA AEROPUERTO,08184,024548E,17181
415251N,GIRONA,810,0363X,SANT HILARI,,023048E,17403
415820N,GIRONA,76,0370E,GIRONA,,024910E,17002
415848N,GIRONA,95,0370B,"GIRONA, ANTIC INSTITUT",,024931E,17004
420616N,GIRONA,157,0372C,PORQUERES,08120,024549E,17834
420314N,GIRONA,1,0385X,L'ESTARTIT,,031205E,17130
421238N,GIRONA,350,0394X,LA VALL DE BIANYA,,022819E,17800
422324N,GIRONA,100,0421X,ESPOLLA,,030022E,17753
421329N,GIRONA,2,0411X,CASTELLÓ D'EMPÚRIES,,030535E,17486
422324N,GIRONA,100,0421E,ESPOLLA 'LES ALBERES',,030022E,17753
422313N,GIRONA,355,0413A,MAÇANET DE CABRENYS,,024520E,
421533N,GIRONA,45,0429X,FIGUERES,,025737E,17600
431643N,NAVARRA,54,1010X,BERA,,014033W,31789
421909N,GIRONA,75,0433D,CABO DE CREUS,08121,031856E,17488
430809N,NAVARRA,183,1002Y,"BAZTAN, IRURITA",08030,013235W,31730
432125N,GIPUZKOA,4,1014,"HONDARRIBIA, MALKARROA",08029,014732W,20280
431935N,GIPUZKOA,120,1012P,IRUN,,014748W,20303
432125N,GIPUZKOA,4,1014A,DONOSTIA / SAN SEBASTIÁN AEROPUERTO,08029,014732W,20280
431250N,GIPUZKOA,165,1021X,"ERRENTERIA, AÑARBE",,015244W,20100
431823N,GIPUZKOA,250,1024E,"DONOSTIA / SAN SEBASTIÁN, IGELDO",08027,020228W,20170
431244N,NAVARRA,305,1021Y,ARTICUTZA (AUTOMATICA),,014752W,
430329N,GIPUZKOA,290,1026X,ORDIZIA,,021103W,20240
430056N,GIPUZKOA,255,1025A,SEGURA,,021524W,20214
430506N,NAVARRA,520,1033X,ARESO,,015703W,31880
430317N,GIPUZKOA,255,1025X,"BEASAIN, ARRIARAN",,021355W,20218
430306N,GIPUZKOA,460,1037X,LEGAZPI,,022014W,20230
430328N,ARABA/ALAVA,617,1044X,"ARAMAIO, ETXAGUEN",,023523W,01169
431021N,GIPUZKOA,180,1038X,AZPEITIA,,021602W,20730
430448N,GIPUZKOA,420,1037Y,ZUMARRAGA,08037,021903W,20700
431808N,GIPUZKOA,28,1041A,ZUMAIA,08026,021504W,20750
431902N,GIPUZKOA,150,1052A,MUTRIKU,,022350W,20830
430818N,GIPUZKOA,470,1049N,ELGETA,,022945W,20690
430130N,GIPUZKOA,308,1048X,ARETXABALETA,,022757W,20550
431233N,GIPUZKOA,119,1050J,ELGOIBAR,08036,022448W,20870
432033N,BIZKAIA,45,1056K,FORUA,,024016W,48393
432237N,BIZKAIA,12,1055B,LEKEITIO,08024,023037W,48280
432230N,BIZKAIA,81,1059X,PUNTA GALEA,08059,030118W,48993
432714N,BIZKAIA,93,1057B,MATXITXAKO,,024510W,48370
430301N,ARABA/ALAVA,240,1060X,AMURRIO,,030020W,01470
431210N,BIZKAIA,100,1074C,AMOREBIETA-ETXANO,,024222W,48340
430547N,BIZKAIA,270,1064L,"OROZKO, IBARRA",,025137W,48410
430557N,BIZKAIA,747,1069Y,"ABADIÑO, URKIOLA",,023839W,48212
431050N,BIZKAIA,210,1078C,BALMASEDA,,031235W,48800
431753N,BIZKAIA,42,1082,BILBAO AEROPUERTO,08025,025423W,48150
431212N,BIZKAIA,208,1078I,GÜEÑES,08035,030617W,48182
431339N,CANTABRIA,849,1103X,SAN ROQUE DE RIOMIERA,,034316W,39728
432348N,CANTABRIA,10,1096X,"BARCENA DE CICERO, TRETO",,032811W,39761
431521N,CANTABRIA,80,1089U,RAMALES DE LA VICTORIA,,032815W,39809
432341N,CANTABRIA,45,1083L,CASTRO URDIALES,08020,031402W,39700
431647N,BIZKAIA,177,1083B,SOPUERTA,,031007W,48190
432526N,CANTABRIA,3,1109,SANTANDER AEROPUERTO,08021,034932W,39600
432543N,CANTABRIA,3,1109X,SANTANDER AEROPUERTO,08021,034953W,39600
432928N,CANTABRIA,52,1111,SANTANDER,08023,034802W,39071
432928N,CANTABRIA,51,1111X,SANTANDER,08023,034802W,39071
432754N,CANTABRIA,64,1110,"SANTANDER, CIUDAD",,034908W,39006
431444N,CANTABRIA,196,1124E,VILLACARRIEDO,,035058W,39649
430849N,CANTABRIA,460,1135C,"LOS TOJOS, BÁRCENA MAYOR",,041251W,39518
431619N,CANTABRIA,105,1152C,SAN FELICES DE BUELNA,,040255W,39409
432131N,CANTABRIA,110,1154H,"TORRELAVEGA, SIERRAPANDO",,040139W,39300
430838N,CANTABRIA,1100,1167B,"CAMALEÑO, FUENTE DE",,044846W,39588
432336N,CANTABRIA,38,1159,SAN VICENTE DE LA BARQUERA,08017,042332W,39540
430918N,CANTABRIA,1910,1167G,"MIRADOR DEL CABLE, PARQUE NACIONAL PICOS DE EUROPA",,044811W,39588
431415N,ASTURIAS,1236,1178R,"SOTRES, PARQUE NACIONAL PICOS DE EUROPA",,044412W,33554
430521N,CANTABRIA,1722,1167J,"CORISCAO, PARQUE NACIONAL PICOS DE EUROPA",,044626W,
430843N,LEON,953,1178Y,"POSADA DE VALDEÓN, SOTO ",,045554W,24914
431521N,CANTABRIA,940,1176A,TRESVISO,,044006W,33554
431058N,CANTABRIA,250,1174I,"CILLÓRIGO DE LIÉBANA, TAMA",,043606W,39584
431840N,ASTURIAS,458,1179B,CABRALES,,045110W,33555
431560N,ASTURIAS,370,1186P,"AMIEVA, PANIZALES",,050709W,33558
432513N,ASTURIAS,10,1183X,LLANES,08016,044453W,33500
432240N,ASTURIAS,280,1199X,"PILOÑA, BARGAÉU",,052348W,33310
432932N,ASTURIAS,30,1203D,COLUNGA,,051450W,33320
433123N,ASTURIAS,26,1207U,"GIJÓN, CAMPUS",08065,053716W,33394
433220N,ASTURIAS,3,1208,GIJÓN,,053815W,33203
433401N,ASTURIAS,127,1212E,ASTURIAS AEROPUERTO,08011,060239W,33459
433921N,ASTURIAS,100,1210X,CABO PEÑAS,08012,055055W,33448
433335N,ASTURIAS,5,1208H,"GIJÓN, PUERTO",08014,054203W,33299
433230N,ASTURIAS,22,1208A,GIJÓN. LA MERCED,,053943W,33201
430758N,ASTURIAS,370,1223P,"LENA, RONZÓN",,054922W,33637
430543N,ASTURIAS,750,1226X,"ALLER, FELECHOSA",,052837W,33687
425843N,ASTURIAS,1480,1221D,PAJARES-VALGRANDE,08031,054635W,24687
431630N,ASTURIAS,170,1234P,"MIERES, BAIÑA",,054909W,33650
432112N,ASTURIAS,336,1249I,OVIEDO,08015,055227W,33006
431725N,ASTURIAS,280,1272B,"TINEO, SOUTU",,062312W,33876
430600N,ASTURIAS,670,1276F,POLA DE SOMIEDO,,061525W,33840
432530N,ASTURIAS,240,1279X,"SALAS, CAMUÑO",,061351W,33867
432112N,ASTURIAS,334,1249X,OVIEDO,08015,055226W,33006
433409N,ASTURIAS,60,1283U,CABO BUSTO,08010,062812W,33789
424607N,LUGO,1020,1297E,CERVANTES,,070103W,27666
432756N,ASTURIAS,410,1327A,"VILLAYÓN, ONETA",,064024W,33717
430139N,ASTURIAS,780,1309C,"IBIAS, SAN ANTOLIN",,065306W,33810
425719N,ASTURIAS,1310,1302F,DEGAÑA,,062821W,33812
432553N,LUGO,125,1344X,MONDOÑEDO,,072142W,27740
433129N,ASTURIAS,40,1331A,CASTROPOL,08009,070153W,33760
433226N,LUGO,43,1342X,RIBADEO,,070459W,27797
432456N,ASTURIAS,340,1341B,"TARAMUNDI, OURIA",,070340W,33775
433904N,LUGO,80,1347T,BURELA,,072126W,27880
432835N,A CORUÑA,4,1354C,FERROL,08005,081544W,15590
434710N,A CORUÑA,90,1351,ESTACA DE BARES,08004,074106W,15337
431825N,A CORUÑA,98,1387E,A CORUÑA AEROPUERTO,08002,082219W,15670
432148N,A CORUÑA,132,1387D,A CORUÑA BENS,08000,082631W,15191
432645N,A CORUÑA,343,1363X,AS PONTES,,075141W,15320
432157N,A CORUÑA,57,1387,A CORUÑA,08001,082517W,15012
430938N,A CORUÑA,50,1393,CABO VILÁN,08006,091239W,15123
430327N,A CORUÑA,287,1399,VIMIANZO,,090249W,15127
425529N,A CORUÑA,230,1400,FISTERRA,08040,091729W,15154
431213N,A CORUÑA,98,1390X,"CARBALLO, DEPURADORA",,084240W,15102
424801N,A CORUÑA,128,1435C,NOIA,,085234W,15201
425317N,A CORUÑA,370,1428,SANTIAGO DE COMPOSTELA AEROPUERTO,08042,082438W,15823
430216N,A CORUÑA,500,1410X,SOBRADO,,080120W,15813
425607N,A CORUÑA,340,1406X,MAZARICOS,,085937W,15256
424835N,LUGO,680,1446X,MONTERROSO,,074606W,27568
423956N,PONTEVEDRA,463,1465U,LALIN-CRISTIMIL,,081133W,36519
424314N,A CORUÑA,685,1437O,MONTE IROITE,08043,085524W,
423838N,A CORUÑA,10,1442U,BOIRO,,085332W,15930
424240N,PONTEVEDRA,645,1455I,RODEIRO-VILAMAIOR,,075714W,36538
424203N,PONTEVEDRA,435,1466A,SILLEDA,,081528W,36570
424459N,A CORUÑA,210,1476R,"ROIS, CASAS DO PORTO",,084253W,15982
425234N,A CORUÑA,240,1475X,SANTIAGO DE COMPOSTELA,08041,083321W,15706
424137N,PONTEVEDRA,269,1468X,A ESTRADA,,083007W,36689
424418N,A CORUÑA,100,1473A,PADRÓN,08039,083738W,15917
423505N,PONTEVEDRA,32,1477V,VILAGARCÍA DE AROUSA,,084629W,36600
423456N,PONTEVEDRA,36,1477U,VILAGARCIA DE AROUSA,,084611W,36600
422550N,PONTEVEDRA,19,1484,"PONTEVEDRA, INSTITUTO",,083850W,36001
422618N,PONTEVEDRA,113,1484C,PONTEVEDRA,08044,083657W,36164
422425N,PONTEVEDRA,395,1489A,A LAMA,,082704W,36830
422346N,PONTEVEDRA,3,1486E,ESCUELA NAVAL DE MARÍN,08043,084225W,36911
421419N,PONTEVEDRA,255,1495,VIGO AEROPUERTO,08045,083726W,36418
430640N,LUGO,442,1505,LUGO AEROPUERTO,08008,072727W,27271
421350N,PONTEVEDRA,120,1496X,VIGO ,,084327W,36203
425043N,LUGO,403,1521I,O PÁRAMO,,072958W,27363
425544N,LEON,958,1541B,VILLABLINO,,062002W,24112
425954N,LUGO,442,1518A,LUGO,,073309W,27294
425150N,LUGO,1080,1521X,BECERREÁ,,071107W,27695
425939N,ASTURIAS,1530,1542,PUERTO DE LEITARIEGOS,08052,062451W,33818
423350N,LEON,532,1549,PONFERRADA,08053,063600W,24400
422456N,OURENSE,315,1583X,O BARCO DE VALDEORRAS,,065935W,32300
424558N,LEON,770,1561I,VEGA DE ESPINAREDA  ,,064025W,24037
422022N,OURENSE,840,1631E,A POBRA DE TRIVES,08051,071657W,32787
423154N,LUGO,291,1679A,MONFORTE DE LEMOS,,073039W,27400
423519N,LUGO,612,1658,FOLGOSO DO COUREL,,071130W,27325
421537N,OURENSE,990,1639X,CHANDREXA DE QUEIXA,,072301W,
421956N,OURENSE,148,1690B,"OURENSE,INSTITUTO",,075152W,32005
421931N,OURENSE,146,1690A,OURENSE,08048,075135W,32005
422805N,OURENSE,610,1696O,BEARIZ,,081641W,
422517N,OURENSE,400,1700X,O CARBALLIÑO,08047,080533W,32516
421760N,OURENSE,112,1701X,RIBADAVIA,,080745W,32418
421058N,OURENSE,492,1706A,ALLARIZ,,074746W,32660
421305N,PONTEVEDRA,560,1719,A CAÑIZA,,081652W,36880
421056N,PONTEVEDRA,90,1723X,"PONTEAREAS, CANEDO   ",,082934W,36860
415638N,PONTEVEDRA,55,1730E,O ROSAL,,085051W,36770
420445N,OURENSE,616,1735X,XINZO DE LIMIA,08050,074401W,32630
432238N,CANTABRIA,150,1740,"SANTILLANA DEL MAR, ALTAMIRA",,040728W,39330
415945N,SORIA,1260,2017Y,"LA PÓVEDA DE SORIA, BARRIOMARTÍN",,022939W,
415603N,OURENSE,730,1738U,MUIÑOS,,075920W,32898
415804N,SORIA,1197,2005Y,"VINUESA, QUINTANAREJO",,024658W,42150
413602N,SORIA,1100,2044B,LUBIA,,023027W,
414630N,SORIA,1081,2030,SORIA,08148,022859W,42004
412510N,SORIA,978,2048A,MORÓN DE ALMAZÁN,,022513W,
414319N,SORIA,960,2084Y,UCERO,,030249W,42317
412059N,SORIA,1042,2059B,LA RIBA DE ESCALOTE,,024700W,42368
413522N,SORIA,932,2092,BURGO DE OSMA,,030513W,42318
412225N,SORIA,1150,2096B,LICERAS,,031505W,
414445N,BURGOS,955,2106B,CORUÑA DEL CONDE,,032255W,
413957N,BURGOS,790,2117D,ARANDA DE DUERO,08144,034434W,09391
412222N,SEGOVIA,993,2135A,FRESNO DE CANTESPINO,,033026W,40518
412752N,SEGOVIA,1135,2140A,ALDEANUEVA DE SERREZUELA,,034709W,
413643N,VALLADOLID,725,2172Y,SARDÓN DE DUERO,,042420W,47340
413535N,VALLADOLID,756,2166Y,PEÑAFIEL,,040729W,47300
411131N,SEGOVIA,1798,2150H,"LA PINILLA, ESTACIÓN DE ESQUÍ",08143,032831W,40500
425214N,PALENCIA,1140,2235U,CERVERA DE PISUERGA,08058,043112W,34840
412301N,SEGOVIA,795,2192C,CUÉLLAR,,041556W,40200
424753N,PALENCIA,910,2243A,AGUILAR DE CAMPOO,,041638W,34800
410802N,SEGOVIA,1107,2182C,PEDRAZA,,034725W,40172
423126N,BURGOS,869,2285B,VILLADIEGO,,040004W,09120
423408N,PALENCIA,908,2276B,VILLAELES DE VALDAVIA,,043430W,
421504N,BURGOS,771,2290Y,PEDROSA DEL PRÍNCIPE,,041156W,
420847N,BURGOS,1197,2302N,MONTERRUBIO DE LA DEMANDA,,030635W,09614
414632N,SORIA,1039,2296A,ÓLVEGA,,015836W,42110
415735N,BURGOS,1080,2298,PALACIOS DE LA SIERRA,08149,030754W,09680
420619N,BURGOS,884,2311Y,VILLAMAYOR DE LOS MONTES,,034604W,09349
422125N,BURGOS,891,2331,BURGOS AEROPUERTO,08075,033713W,09007
422103N,PALENCIA,830,2374X,CARRIÓN DE LOS CONDES,08068,043702W,34120
425338N,PALENCIA,1575,2362C,"VELILLA DEL RÍO CARRIÓN, CAMPORREDONDO DE ALBA",,044249W,34887
415944N,PALENCIA,874,2400E,AUTILLA DEL PINO,08072,043610W,
413827N,VALLADOLID,734,2422,VALLADOLID,08141,044515W,47014
420018N,PALENCIA,750,2401,"PALENCIA, OBSERVATORIO",,043145W,34002
420034N,PALENCIA,736,2401X,PALENCIA,,043338W,34005
403236N,AVILA,1178,2430Y,MUÑOTELLO,,050239W,
404944N,AVILA,920,2453E,GOTARRENDURA,,044431W,05163
403924N,AVILA,1143,2444C,"ÁVILA, AYUNTAMIENTO",,044201W,05001
403933N,AVILA,1130,2444,ÁVILA,08210,044047W,05003
410417N,AVILA,820,2456B,AREVALO,,044348W,05200
405648N,SEGOVIA,990,2465A,"SEGOVIA, INSTITUTO",,040657W,40008
404735N,MADRID,1893,2462,PUERTO DE NAVACERRADA,08215,040038W,40100
405643N,SEGOVIA,1008,2465,SEGOVIA,08213,040735W,40008
402118N,SALAMANCA,1960,2491C,"LA COVATILLA, ESTACIÓN DE ESQUÍ",08205,054124W,37716
404307N,SEGOVIA,1237,2471Y,SAN RAFAEL,,041243W,40410
410735N,SEGOVIA,870,2482B,MIGUELAÑEZ,,042233W,40495
411648N,VALLADOLID,786,2503B,"OLMEDO, DEPÓSITO DE AGUA",,044131W,47410
411933N,VALLADOLID,740,2503X,OLMEDO,08142,044113W,47410
412510N,VALLADOLID,724,2507Y,RUEDA,,045749W,47490
405256N,AVILA,925,2512Y,RIVILLA DE BARAJAS,,050107W,05300
414243N,VALLADOLID,846,2539,VALLADOLID AEROPUERTO,08140,045120W,47620
413254N,ZAMORA,710,2536D,MORALES DEL TORO,,051617W,47110
411412N,ZAMORA,811,2555B,FUENTESAUCO,,052853W,49400
411022N,VALLADOLID,755,2517A,FUENTE EL SOL,,045623W,
423125N,PALENCIA,985,2568D,"SANTERVÁS DE LA VEGA, VILLAPÚN ",,045104W,34112
413319N,ZAMORA,702,2565,CORESES,,053750W,49530
420539N,VALLADOLID,782,2593D,VILLALÓN DE CAMPOS,,050228W,47600
415233N,VALLADOLID,731,2604B,MEDINA DE RIOSECO,,050225W,47300
415123N,ZAMORA,690,2611D,VILLAFÁFILA,,053533W,49136
413056N,ZAMORA,656,2614,ZAMORA,08130,054407W,49022
425730N,LEON,1090,2624C,RIAÑO,,050027W,24900
423518N,LEON,916,2661,"LEÓN, VIRGEN DEL CAMINO",08055,053904W,24282
430344N,LEON,1510,2630X,PUERTO DE SAN ISIDRO,08057,052237W,
423558N,LEON,912,2661B,LEÓN AEROPUERTO,08055,053837W,24198
423712N,LEON,916,2626Y,CUBILLAS DE RUEDA,,051136W,
425308N,LEON,1120,2701D,"BARRIOS DE LUNA, MIÑERA",,055215W,
423854N,LEON,995,2728B,"QUINTANA DEL CASTILLO, VILLAMECA",,060415W,24397
421745N,LEON,788,2664B,VALENCIA DE DON JUAN,,053017W,24209
422239N,LEON,1020,2737E,LAGUNAS DE SOMOZA,08123,061148W,24717
422759N,LEON,850,2742R,BUSTILLO DEL PÁRAMO,,054647W,24357
422836N,LEON,919,2734D,ASTORGA,,060428W,24700
420039N,ZAMORA,715,2755X,BENAVENTE,08056,054000W,49600
420441N,ZAMORA,737,2777K,SANTIBAÑEZ DE VIDRIALES,,060026W,49610
414708N,ZAMORA,711,2789H,POZUELO DE TABARA,,055432W,
415629N,ZAMORA,850,2775X,VILLARDECIERVOS,08125,061647W,49462
420457N,ZAMORA,933,2766E,"SANABRIA, ROBLEDA-CERVANTES",,063823W,49350
402119N,AVILA,1012,2828Y,BARCO DE AVILA,,053109W,05600
404032N,SALAMANCA,865,2847X,PEDROSILLO DE LOS AIRES   ,,053836W,
413202N,ZAMORA,790,2804F,VILLADEPERA,,060831W,
402102N,AVILA,1525,2811A,NAVARREDONDA DE GREDOS,08206,050835W,05634
411420N,ZAMORA,1003,2882D,PEÑAUSENDE,08135,055351W,
404356N,SALAMANCA,897,2863C,PEDRAZA DE ALBA  ,,052158W,
405734N,SALAMANCA,790,2867,SALAMANCA AEROPUERTO,08202,052954W,37181
405727N,SALAMANCA,775,2870,SALAMANCA,08201,053944W,37001
405413N,SALAMANCA,817,2873X,BARBADILLO,,054647W,37440
410041N,SALAMANCA,769,2916A,VITIGUDINO,08129,062616W,37210
411816N,ZAMORA,804,2885K,FRESNO DE SAYAGO,,060120W,
411546N,SALAMANCA,690,2891A,VILLARINO DE LOS AIRES,,062744W,
403410N,SALAMANCA,1027,2918Y,EL MAÍLLO,,061325W,37590
404710N,SALAMANCA,785,2914C,BOADILLA FUENTE SAN ESTEBAN,,061210W,
403806N,SALAMANCA,680,2946X,SAELICES EL CHICO,08195,063600W,
405105N,SALAMANCA,748,2926B,BAÑOBÁREZ,,063632W,
402906N,SALAMANCA,805,2945A,EL BODÓN BASE AÉREA,,063437W,37520
401748N,SALAMANCA,880,2930Y,NAVASFRÍAS,,064846W,37542
415536N,OURENSE,380,2978X,VERÍN,,072519W,32600
420138N,OURENSE,910,2969U,A GUDIÑA,,071059W,32547
414100N,ZAMORA,840,2966D,ALCAÑICES  ,,061805W,49500
405030N,GUADALAJARA,1062,3013,MOLINA DE ARAGÓN,08232,015244W,19300
404530N,GUADALAJARA,1250,3021Y,ZAOREJAS,,021159W,19495
403418N,CUENCA,1214,3040Y,BETETA,,020435W,
403149N,CUENCA,928,3044X,CAÑIZARES,08230,020900W,16830
400043N,CUENCA,819,3094B,TARANCÓN,08277,030117W,16400
402428N,GUADALAJARA,920,3085Y,PASTRANA,,025711W,19100
405323N,MADRID,1159,3104Y,RASCAFRÍA,,035318W,28740
395607N,TOLEDO,733,3099Y,OCAÑA,,032946W,45300
400402N,MADRID,540,3100B,ARANJUEZ,08229,033246W,
410013N,GUADALAJARA,910,3103,PANTANO EL VADO,,031807W,
402706N,MADRID,664,3194U,"MADRID, CIUDAD UNIVERSITARIA",08220,034327W,28040
403749N,GUADALAJARA,727,3168D,GUADALAJARA,08226,030901W,19005
402654N,MADRID,665,3194Y,POZUELO DE ALARCÓN,,034848W,28224
403300N,MADRID,672,3125Y,SAN SEBASTIÁN DE LOS REYES,,033700W,28703
403933N,GUADALAJARA,639,3168C,"GUADALAJARA, EL SERRANILLO",08226,031024W,19180
401842N,MADRID,533,3182Y,ARGANDA DEL REY,,032952W,28521
404146N,MADRID,1004,3191E,COLMENAR VIEJO,08219,034554W,28780
410511N,GUADALAJARA,1005,3130C,SIGÜENZA,08150,023705W,19250
405906N,GUADALAJARA,990,3140Y,MANDAYONA,,024536W,
403341N,MADRID,740,3126Y,"MADRID, EL GOLOSO",,034243W,28760
410025N,MADRID,1030,3110C,BUITRAGO DEL LOZOYA,08146,033650W,28730
402800N,MADRID,609,3129,MADRID AEROPUERTO,08221,033320W,28820
403142N,MADRID,605,3170Y,ALCALA DE HENARES,,031723W,19200
403805N,GUADALAJARA,685,3168A,"GUADALAJARA, INSTITUTO",,031000W,19001
402919N,MADRID,607,3175,TORREJÓN DE ARDOZ,08227,032637W,28859
410808N,MADRID,1450,3111D,SOMOSIERRA,08145,033450W,28756
402232N,MADRID,690,3196,"MADRID, CUATRO VIENTOS",08223,034710W,28917
402443N,MADRID,667,3195,"MADRID, RETIRO",08222,034041W,28009
404555N,GUADALAJARA,835,3209Y,BRIHUEGA,,025227W,19400
401450N,MADRID,594,3229Y,TIELMES,,031842W,28550
394113N,TOLEDO,717,3254Y,MORA,,034650W,45400
401758N,MADRID,620,3200,GETAFE,08224,034320W,28901
394146N,TOLEDO,635,3245Y,TEMBLEQUE,,033021W,45780
395134N,TOLEDO,540,3259,"TOLEDO, LORENZANA",,040132W,45002
395305N,TOLEDO,513,3260B,TOLEDO,08272,040243W,45005
404223N,MADRID,1532,3266A,PUERTO ALTO DEL LEÓN,08217,040831W,28440
393249N,TOLEDO,917,3298X,SAN PABLO DE LOS MONTES,08270,042102W,45120
403935N,MADRID,924,3268C,ALPEDRETE,,040103W,28439
393750N,TOLEDO,750,3305Y,NAVAHERMOSA,,042837W,45150
401847N,MADRID,890,3330Y,ROZAS DE PUERTO REAL,,042914W,28649
402023N,AVILA,1285,3319D,PUERTO DEL PICO,,050046W,05414
402948N,MADRID,884,3343Y,VALDEMORILLO,,040340W,
400630N,TOLEDO,560,3362Y,CASTILLO DE BAYUELA,,044050W,45640
402540N,MADRID,763,3338,ROBLEDO DE CHAVELA,08212,041460W,28695
402803N,AVILA,850,3337U,CEBREROS,,042721W,05260
393530N,CACERES,923,3386A,NAVALVILLAR DE IBOR,,052330W,10341
400821N,AVILA,350,3422D,CANDELEDA,,051841W,05480
400914N,CACERES,464,3423I,MADRIGAL DE LA VERA,,052224W,10480
395731N,TOLEDO,372,3365A,TALAVERA DE LA REINA,08274,045149W,45600
401719N,AVILA,630,3391,SOTILLO DE LA ADRADA,08208,043527W,05420
394915N,CACERES,406,3448X,SERRADILLA,,060739W,10530
395936N,TOLEDO,345,3427Y,OROPESA,,050652W,
395645N,CACERES,269,3434X,NAVALMORAL DE LA MATA,08254,053457W,10310
400640N,CACERES,690,3436D,GARGANTA LA OLLA,,054705W,10412
394012N,CACERES,559,3455X,JARAICEJO,,054830W,10380
392857N,CACERES,503,3463X,TRUJILLO,08263,055115W,10200
392751N,CACERES,523,3463Y,TRUJILLO,08263,055227W,10200
392833N,CACERES,459,3469,"CÁCERES, CIUDAD",,062235W,10004
392817N,CACERES,394,3469A,CÁCERES,08261,062020W,10004
402429N,CACERES,470,3494U,NUÑOMORAL,,061423W,10626
394726N,CACERES,373,3475X,CAÑAVERAL,,062235W,10820
401122N,CACERES,393,3503,GUIJO DE GRANADILLA,,061003W,10650
401531N,CACERES,991,3514B,TORNAVACAS,,054042W,
400715N,CACERES,1260,3516X,PIORNAL,,054957W,10615
401554N,CACERES,724,3504X,HERVÁS,,055140W,10700
400451N,CACERES,351,3512X,MONTEHERMOSO,,062020W,10810
401518N,CACERES,459,3531X,TORRECILLA DE LOS ANGELES,,062442W,10812
395217N,CACERES,336,3540X,ZARZA LA MAYOR,,065136W,
400013N,CACERES,313,3526X,CORIA,08251,063327W,10800
401029N,CACERES,560,3536X,HOYOS,,064328W,10850
400235N,CACERES,415,3519X,PLASENCIA,08252,060509W,10600
385757N,ALBACETE,905,4007Y,OSSA DE MONTIEL,,024442W,02611
401226N,CACERES,450,3547X,VALVERDE DEL FRESNO,,065346W,
392539N,CACERES,321,3562X,ALISEDA,,064411W,
392453N,CACERES,444,3576X,VALENCIA DE ALCÁNTARA,08260,071352W,10500
393705N,CACERES,425,3565X,BROZAS,,064442W,
392327N,CIUDAD REAL,640,4064Y,ALCAZAR DE SAN JUAN,,031257W,13600
392931N,TOLEDO,690,4067,MADRIDEJOS,08273,033142W,45710
400340N,CUENCA,875,4051Y,ALCÁZAR DEL REY,,024825W,16464
393550N,TOLEDO,692,4061X,QUINTANAR DE LA ORDEN,08275,030254W,45800
393101N,CUENCA,858,4089A,ALBERCA DE ZANCARA,,022945W,16620
395025N,CUENCA,870,4075Y,VILLARES DEL SAZ,,023012W,
391543N,ALBACETE,718,4091Y,VILLARROBLEDO,,023533W,02600
400108N,CUENCA,1020,4070Y,ABIA DE OBISPALIA,,022343W,
392500N,CUENCA,728,4090Y,SAN CLEMENTE,08256,022514W,16600
391009N,CIUDAD REAL,662,4103X,TOMELLOSO,08276,030027W,13700
393319N,CUENCA,745,4095Y,BELMONTE,,024220W,16640
390100N,ALBACETE,918,4096Y,MUNERA,,022920W,02612
393922N,CUENCA,763,4093Y,OSA DE LA VEGA,,024536W,16423
385916N,CIUDAD REAL,627,4121C,"CIUDAD REAL, INSTITUTO",,035545W,13003
385921N,CIUDAD REAL,626,4121,CIUDAD REAL,08348,035513W,13071
385703N,CIUDAD REAL,626,4116I,ALMAGRO / FAMET,08349,034431W,13270
384415N,CIUDAD REAL,900,4138Y,VILLANUEVA DE LOS INFANTES,,030016W,13320
384502N,CIUDAD REAL,700,4147X,VALDEPEÑAS,08351,032329W,13300
391301N,CIUDAD REAL,587,4193Y,EL ROBLEDO,,041658W,
392702N,CACERES,689,4236Y,PUERTO REY ,,050135W,45672
383105N,CIUDAD REAL,804,4148,VISO DEL MARQUÉS,08345,033400W,13770
391915N,CIUDAD REAL,651,4195E,"ALCORNOQUERA, PARQUE NACIONAL CABAÑEROS",,042342W,
385353N,CIUDAD REAL,718,4210Y,ABENÓJAR,,041731W,13192
390501N,CIUDAD REAL,531,4220X,PUEBLA DE DON RODRIGO,08271,043719W,13109
392719N,CACERES,660,4245X,GUADALUPE,,051960W,10140
382954N,CORDOBA,551,4267X,HINOJOSA DEL DUQUE,08335,050717W,14270
382847N,BADAJOZ,542,4260,PERALEDA DEL ZAUCEJO,,053439W,
382434N,CORDOBA,575,4263X,VALSEQUILLO,,052102W,
391010N,BADAJOZ,447,4244X,HERRERA DEL DUQUE,08264,050344W,06670
384431N,BADAJOZ,459,4325Y,CASTUERA,,053145W,
391851N,CACERES,590,4339X,CAÑAMERO,,052208W,
384631N,CIUDAD REAL,535,4300Y,ALMADÉN,,045043W,13400
390612N,BADAJOZ,313,4340,NAVALVILLAR DE PELA,,052741W,
385720N,BADAJOZ,274,4358X,DON BENITO,08333,055250W,06400
391658N,CACERES,413,4347X,ZORITA,,054237W,10130
383435N,BADAJOZ,474,4362X,RETAMAL DE LLERENA,,055045W,06442
385457N,BADAJOZ,228,4410X,MÉRIDA,08331,062308W,06810
383306N,BADAJOZ,430,4395X,VILLAFRANCA DE LOS BARROS,,061824W,06220
381354N,BADAJOZ,655,4386B,LLERENA,08336,060101W,06900
382533N,BADAJOZ,433,4427X,ZAFRA,,062612W,06300
384120N,BADAJOZ,371,4436Y,ALMENDRALEJO,,062140W,06200
391151N,CACERES,467,4411C,ALCUESCAR,,061352W,10160
391036N,BADAJOZ,392,4468X,PUEBLA DE OBANDO,,063603W,06191
391055N,BADAJOZ,283,4464X,ALBURQUERQUE,,065943W,
385300N,BADAJOZ,186,4452,BADAJOZ AEROPUERTO,08330,064850W,06195
385310N,BADAJOZ,174,4478X,BADAJOZ,08329,070034W,06006
382905N,BADAJOZ,170,4489X,ALCONCHEL,,071655W,06105
384151N,BADAJOZ,275,4486X,OLIVENZA,,070504W,06100
380453N,BADAJOZ,771,4499X,MONESTERIO,,061619W,06260
382822N,BADAJOZ,377,4492F,BARCARROTA,,065524W,
381231N,BADAJOZ,602,4501X,FUENTE DE CANTOS,,061841W,06240
382220N,BADAJOZ,247,4497X,VILLANUEVA DEL FRESNO,,070929W,06110
381042N,BADAJOZ,586,4520X,FREGENAL DE LA SIERRA,,063942W,06340
381755N,BADAJOZ,381,4511C,JEREZ DE LOS CABALLEROS,08337,064554W,06380
375849N,HUELVA,267,4527X,AROCHE,,065833W,21240
373313N,HUELVA,60,4541X,EL GRANADO,,073112W,
371141N,HUELVA,3,4549Y,AYAMONTE,08381,072342W,21409
371306N,HUELVA,15,4554X,CARTAYA,,070501W,21459
375207N,HUELVA,572,4560Y,ALAJAR,08380,064030W,21340
373552N,HUELVA,276,4589X,"ALOSNO, THARSIS",,070710W,
374354N,HUELVA,270,4584X,EL CERRO DE ANDÉVALO,,065632W,
373431N,HUELVA,280,4575X,VALVERDE DEL CAMINO,,064604W,21600
372703N,HUELVA,145,4622X,VILLARRASA,,063812W,
371524N,HUELVA,17,4605,HUELVA,,065659W,21003
371642N,HUELVA,18,4642E,"HUELVA, RONDA ESTE",08383,065442W,21007
355344N,CEUTA,200,5000A,"CEUTA, MONTE HACHO",,051732W,51005
374038N,HUELVA,415,4608X,EL CAMPILLO,,063748W,21640
375457N,JAEN,799,5038Y,CAZORLA,,030014W,23470
375457N,JAEN,782,5038X,CAZORLA,08353,030014W,23470
373021N,GRANADA,785,5047E,BAZA,08424,024406W,18800
355319N,CEUTA,87,5000C,CEUTA,60320,052049W,51004
371128N,GRANADA,1534,5103F,"CAMARATE, PARQUE NACIONAL SIERRA NEVADA",,031514W,
371048N,GRANADA,1197,5107D,DÓLAR,,025911W,18513
375141N,GRANADA,1100,5051X,HUÉSCAR,08423,023910W,
370930N,GRANADA,2152,5103E,"CAMARATE 2, PARQUE NACIONAL SIERRA NEVADA",,031525W,
375139N,ALMERIA,1190,5060X,VÉLEZ BLANCO - TOPARES,,021341W,
374651N,JAEN,910,5165X,TORRES,,033349W,
382921N,JAEN,862,5192,VILLARRODRIGO,08354,023815W,
375948N,JAEN,771,5164B,BAEZA,,032743W,23440
381853N,JAEN,580,5181D,ARROYO DEL OJANCO,08352,025323W,
381030N,JAEN,680,5210X,VILLANUEVA DEL ARZOBISPO,,025953W,23330
380904N,JAEN,515,5279X,LINARES,,033746W,
382040N,JAEN,770,5246,SANTA ELENA,08350,033207W,23213
374635N,JAEN,510,5270,"JAÉN, INSTITUTO",,034720W,23008
374639N,JAEN,580,5270B,JAÉN,08417,034833W,23006
384008N,CIUDAD REAL,665,5304Y,PUERTOLLANO,,040333W,
380535N,JAEN,345,5281X,BAILÉN,,034657W,23710
380123N,JAEN,202,5298X,ANDÚJAR,08347,040348W,23740
382544N,CIUDAD REAL,710,5341C,FUENCALIENTE,,041806W,
381959N,CORDOBA,750,5390Y,VILLANUEVA DE CÓRDOBA,08346,043632W,14440
381112N,CORDOBA,720,5346X,CARDEÑA,,041621W,
380048N,CORDOBA,155,5361X,MONTORO,,041949W,
380115N,CORDOBA,525,5394X,"CÓRDOBA, EMBALSE DE GUADANUÑO",,044748W,
372951N,JAEN,908,5406X,ALCALÁ LA REAL,,035429W,23692
373322N,CORDOBA,650,5427X,DOÑA MENCÍA,08412,042114W,14860
372905N,CORDOBA,550,5412X,PRIEGO DE CÓRDOBA,,041228W,14816
375056N,CORDOBA,90,5402,CÓRDOBA AEROPUERTO,08410,045048W,14193
381604N,BADAJOZ,581,5473X,AZUAGA,,054110W,06920
370352N,GRANADA,3092,5511,"PRADOLLANO, PARQUE NACIONAL SIERRA NEVADA",,032217W,18196
374511N,CORDOBA,120,5470,FUENTE PALMERA,,050602W,14129
374837N,CORDOBA,275,5429X,"CÓRDOBA, PRÁGDENA",,042744W,
380640N,CORDOBA,465,5459X,ESPIEL,,045543W,
371123N,GRANADA,775,5515X,GRANADA-CARTUJA,,033544W,18011
370814N,GRANADA,687,5514,GRANADA BASE AÉREA,08420,033753W,18100
370347N,GRANADA,2856,5516D,SIERRA NEVADA 'RADIOTELESCOPIO',08980,032313W,18196
370810N,GRANADA,695,5514Z,GRANADA BASE AÉREA,08420,033800W,18100
371413N,GRANADA,1258,5515D,VÍZNAR,08421,033302W,18179
371125N,GRANADA,560,5530E,GRANADA AEROPUERTO,08419,034723W,18339
370940N,GRANADA,760,5582A,LOJA,08414,040910W,18300
371351N,CORDOBA,465,5598X,BENAMEJÍ,,043252W,14910
371140N,SEVILLA,410,5612B,LA RODA DE ANDALUCÍA,08399,044612W,41590
371613N,SEVILLA,450,5612X,LORA DE ESTEPA,,044937W,41564
372855N,CORDOBA,309,5624X,AGUILAR DE LA FRONTERA,,044109W,14920
374712N,SEVILLA,200,5654X,LA PUEBLA DE LOS INFANTES,,052216W,
373819N,CORDOBA,200,5625X,LA RAMBLA,,044550W,14540
373058N,SEVILLA,130,5641X,ÉCIJA,08395,050506W,41400
372950N,SEVILLA,165,5656,FUENTES DE ANDALUCÍA,,052559W,
373356N,SEVILLA,50,5702X,CARMONA,,054426W,41330
375535N,SEVILLA,550,5704B,CAZALLA DE LA SIERRA,08392,054611W,41370
380558N,SEVILLA,720,5726X,GUADALCANAL,,054909W,41390
372500N,SEVILLA,34,5783,SEVILLA AEROPUERTO,08391,055245W,41019
374728N,SEVILLA,450,5733X,ALMADÉN DE LA PLATA,,060430W,
375825N,HUELVA,618,5769X,CALA,,061920W,
370952N,SEVILLA,87,5796,MORÓN DE LA FRONTERA,08397,053641W,
372151N,SEVILLA,9,5790Y,"SEVILLA, TABLADA",,060021W,41011
372142N,SEVILLA,84,5788X,"TOMARES, ZAUDÍN",,060335W,41940
370553N,HUELVA,41,5860E,"MOGUER, EL ARENOSILLO",08384,064417W,
365919N,HUELVA,5,5858X,ALMONTE,,062635W,
365712N,SEVILLA,105,5891X,LAS CABEZAS DE SAN JUAN,,055048W,
372136N,SEVILLA,76,5835X,CARRIÓN DE LOS CÉSPEDES,,062003W,41820
364538N,CADIZ,913,5911A,GRAZALEMA,08455,052227W,11610
364500N,CADIZ,10,5906X,CHIPIONA,,062402W,11550
363820N,CADIZ,21,5910,"ROTA, BASE NAVAL",08449,061957W,11520
364346N,CADIZ,295,5941X,EL BOSQUE,,053044W,11670
365554N,CADIZ,530,5919X,OLVERA,,051534W,11690
362959N,CADIZ,2,5973,CÁDIZ,08452,061528W,11011
364502N,CADIZ,27,5960,JEREZ DE LA FRONTERA AEROPUERTO,08451,060321W,11591
363950N,CADIZ,105,5950X,SAN JOSÉ DEL VALLE,,054660W,
362756N,CADIZ,28,5972X,SAN FERNANDO,08453,061220W,11110
361105N,CADIZ,4,5996B,BARBATE,,055434W,11160
371436N,SEVILLA,255,5998X,OSUNA,,050645W,41640
361444N,CADIZ,186,5995B,VEJER DE LA FRONTERA,08457,055754W,11150
362422N,CADIZ,70,5983X,MEDINA SIDONIA,,055513W,11179
364460N,MALAGA,760,6032X,RONDA INSTITUTO,,051007W,29400
364459N,MALAGA,766,6032B,RONDA,08443,051006W,29400
360050N,CADIZ,32,6001,TARIFA,08458,053556W,11380
351635N,MELILLA,52,6000A,MELILLA,60338,025723W,52001
363240N,MALAGA,315,6040X,CORTES DE LA FRONTERA,,052311W,
363107N,MALAGA,594,6050X,GAUCÍN,,051907W,29480
363757N,MALAGA,676,6045X,ALPANDEIRE,,051211W,29461
362608N,CADIZ,42,6042I,JIMENA DE LA FRONTERA,,052342W,11320
362904N,MALAGA,2,6076X,"MARBELLA, PUERTO",,045711W,29660
362242N,MALAGA,140,6057X,MANILVA,,051536W,29691
363237N,MALAGA,392,6069X,BENAHAVÍS,,050129W,29679
361623N,CADIZ,1,6056X,SAN ROQUE  ,,051704W,11310
362501N,MALAGA,19,6058I,ESTEPONA,08463,050918W,29680
363714N,MALAGA,85,6088X,TORREMOLINOS,,043054W,29260
363219N,MALAGA,8,6084X,FUENGIROLA,08480,043706W,29640
362860N,MALAGA,2,6083X,MARBELLA,,044425W,
370126N,MALAGA,515,6100B,ANTEQUERA AYUNTAMIENTO (AUTOMÁTICA THIES),,043345W,29200
370146N,MALAGA,408,6106X,ANTEQUERA,08413,044454W,29540
363958N,MALAGA,7,6155A,MÁLAGA AEROPUERTO,08482,042856W,29140
365117N,MALAGA,172,6127X,ÁLORA,,044148W,29500
363928N,MALAGA,230,6143X,COÍN,,044539W,29100
364304N,MALAGA,54,6156X,"MÁLAGA, CENTRO METEOROLÓGICO",08481,042854W,29010
364254N,MALAGA,7,6175X,RINCÓN DE LA VICTORIA,,041710W,29720
364260N,MALAGA,25,6172O,"MÁLAGA, PUERTO",08479,042511W,29001
364260N,MALAGA,25,6172X,MÁLAGA,,042511W,29001
364521N,MALAGA,35,6201X,ALGARROBO,,040238W,29760
364335N,MALAGA,3,6205X,TORROX,08484,035726W,29770
364546N,MALAGA,169,6213X,NERJA,,035043W,29787
364607N,MALAGA,41,6199X,VÉLEZ-MÁLAGA,,040537W,29700
364322N,GRANADA,12,6268X,MOTRIL,08485,033149W,18613
365523N,GRANADA,708,6258X,LANJARÓN,,032933W,18420
364454N,GRANADA,20,6267X,SALOBREÑA,,033443W,18680
365708N,GRANADA,1732,6248D,"CAÑAR, PARQUE NACIONAL SIERRA NEVADA",,032549W,18410
370019N,GRANADA,1020,6281X,VÁLOR,,030417W,18470
364629N,ALMERIA,98,6291B,EL EJIDO,,024847W,04700
364403N,GRANADA,235,6272X,CASTELL DE FERRO,,032248W,18740
364450N,ALMERIA,8,6277B,ADRA,08486,030114W,04011
364326N,GRANADA,3,6268Y,"MOTRIL, PUERTO",,033145W,18613
370545N,GRANADA,2300,6299I,"LAGUNA SECA, PARQUE NACIONAL SIERRA NEVADA",,025752W,
364952N,ALMERIA,7,6297,ALMERÍA,,022720W,04007
364113N,ALMERIA,3,6293X,ROQUETAS DE MAR,08492,024206W,
370311N,ALMERIA,1713,6307C,"LAÚJAR, PARQUE NACIONAL SIERRA NEVADA",,025350W,
370829N,ALMERIA,869,6302A,ABLA,08427,024648W,04510
370160N,ALMERIA,1510,6307X,LÁUJAR DE ANDARAX,,025445W,04470
364319N,ALMERIA,42,6329X,CABO DE GATA,,021135W,
370115N,ALMERIA,601,6312E,"RÁGOL, PARQUE NACIONAL SIERRA NEVADA",,024038W,04430
365849N,ALMERIA,16,6332X,CARBONERAS,08488,015413W,04140
365047N,ALMERIA,21,6325O,ALMERÍA AEROPUERTO,08487,022125W,04130
365632N,ALMERIA,222,6332Y,CARBONERAS,08488,015425W,04149
370636N,ALMERIA,970,6335O,"NACIMIENTO, PARQUE NACIONAL SIERRA NEVADA",,024157W,
371009N,ALMERIA,28,6340X,GARRUCHA,,014943W,04630
372424N,ALMERIA,508,6364X,ALBOX,,020905W,04800
355618N,ALMERIA,15,6381,ALBORÁN,08490,030210W,
372326N,ALMERIA,300,6367B,HUÉRCAL-OVERA,08428,015637W,04600
372502N,MURCIA,32,7002Y,ÁGUILAS,08432,013513W,30880
370756N,MALAGA,420,6375X,FUENTE DE PIEDRA,,044431W,29520
373809N,MURCIA,3,7019X,CARTAGENA/SALINAS CABO PALOS,,004256W,30370
373604N,MURCIA,17,7012C,CARTAGENA,08434,005916W,30201
373616N,MURCIA,56,7012D,CARTAGENA,08434,010124W,30394
373517N,MURCIA,66,7007Y,MAZARRÓN,,011350W,30868
374827N,MURCIA,205,7020C,MURCIA AEROPUERTO,,010741W,30154
374642N,MURCIA,4,7031X,SAN JAVIER AEROPUERTO,08433,004821W,30730
374335N,MURCIA,140,7023X,FUENTE ÁLAMO DE MURCIA,,011002W,30320
374720N,MURCIA,4,7031,SAN JAVIER AEROPUERTO,08433,004812W,30720
382336N,ALBACETE,680,7066Y,"YESTE, EMBALSE FUENSANTA",,021308W,
374420N,MURCIA,50,7026X,TORRE-PACHECO,,005803W,30594
381606N,MURCIA,955,7080X,MORATALLA,,015911W,
381742N,ALBACETE,960,7072Y,YESTE,,021738W,
380518N,ALBACETE,1485,7067Y,NERPIO,,022447W,
383231N,ALBACETE,605,7096B,HELLÍN,08355,014211W,02400
380257N,MURCIA,690,7127X,BULLAS,,014143W,30180
383517N,ALBACETE,615,7103Y,TOBARRA,,014122W,02500
380611N,MURCIA,643,7119B,CARAVACA DE LA CRUZ,08365,015238W,30400
382732N,MURCIA,485,7138B,JUMILLA,,012007W,30520
381403N,MURCIA,350,7121A,CALASPARRA,,014208W,30420
381358N,MURCIA,265,7145D,CIEZA,08363,012250W,30550
375534N,MURCIA,985,7195X,"CARAVACA DE LA CRUZ, LOS ROYOS",,020330W,
380229N,MURCIA,255,7172X,MULA,,012657W,30170
380741N,MURCIA,150,7158X,ARCHENA,,011821W,30600
380007N,MURCIA,62,7178I,MURCIA,08430,011015W,30100
375041N,MURCIA,646,7203A,"LORCA, ZARCILLA DE RAMOS",,015211W,
373917N,MURCIA,312,7209,LORCA,08426,014114W,30800
373405N,MURCIA,445,7211B,PUERTO LUMBRERAS,,014750W,30890
374531N,MURCIA,281,7218Y,TOTANA,,013046W,30850
375728N,MURCIA,75,7228,"ALCANTARILLA, BASE AÉREA",08429,011343W,30835
380404N,ALICANTE,26,7244X,ORIHUELA,,005853W,03311
380820N,MURCIA,170,7237E,MOLINA DE SEGURA,,010931W,
375142N,MURCIA,157,7227X,ALHAMA DE MURCIA,,012005W,30892
382359N,ALICANTE,575,7247X,EL PINÓS/PINOSO,08357,010217W,03650
381140N,MURCIA,174,7250C,ABANILLA,,010202W,30640
380517N,ALICANTE,31,7261X,ROJALES,08367,004255W,03078
383606N,MURCIA,640,7275C,YECLA,08356,010935W,30510
382308N,ALICANTE,233,8013X,NOVELDA,,004528W,03660
381715N,ALICANTE,110,8018X,ELX/ELCHE,,004050W,03202
381658N,ALICANTE,43,8019,ALICANTE-ELCHE AEROPUERTO,08360,003415W,03320
383437N,ALICANTE,486,8008Y,VILLENA,,005156W,
384648N,VALENCIA,622,8005X,FONTANARS DELS ALFORINS,,004745W,
382221N,ALICANTE,81,8025,ALACANT/ALICANTE,08359,002939W,03011
383237N,ALICANTE,36,8036Y,BENIDORM,,000816W,03502
385048N,ALICANTE,60,8057C,PEGO,,000706W,03780
384703N,ALICANTE,15,8050X,JÁVEA/ XÀBIA,08370,001000E,03730
390101N,VALENCIA,340,8072Y,BARX,,001817W,46758
385544N,VALENCIA,5,8058X,OLIVA,08282,000545W,46780
384239N,ALICANTE,530,8059C,ALCOI/ALCOY,,002736W,03804
401321N,CUENCA,1154,8084Y,PANTANO DE LA TOBA (AUTOMATICA),,015533W,16192
385701N,VALENCIA,12,8058Y,MIRAMAR,,000816W,46713
385715N,ALBACETE,702,8175,ALBACETE BASE AÉREA,08280,015123W,02008
393319N,CUENCA,830,8155Y,MOTILLA DEL PALANCAR,,015455W,16200
385615N,ALBACETE,880,8177A,CHINCHILLA,08278,013932W,
400402N,CUENCA,949,8096,CUENCA,08231,020755W,16004
390020N,ALBACETE,674,8178D,ALBACETE,08279,015144W,02005
391230N,VALENCIA,372,8193E,JALANCE,,010540W,46624
394252N,CUENCA,815,8245Y,MIRA,,012633W,
400611N,CUENCA,1160,8210Y,SALVACAÑETE,,013013W,
390458N,VALENCIA,855,8203O,ZARRA,08283,010603W,46621
385102N,ALBACETE,710,8198Y,ALMANSA,,010347W,02640
384946N,VALENCIA,350,8283X,ONTINYENT,,003628W,46870
390801N,VALENCIA,305,8270X,BICORP,,004724W,46825
390006N,VALENCIA,88,8293X,XÀTIVA,08290,003123W,46800
391105N,VALENCIA,12,8325X,POLINYÀ DE XÚQUER,08287,002219W,46688
392332N,VALENCIA,186,8337X,TURÍS,,003729W,46389
393432N,VALENCIA,758,8309X,UTIEL,08281,011441W,46315
390648N,VALENCIA,25,8300X,CARCAIXENT,,002645W,46740
402103N,TERUEL,902,8368U,TERUEL,08235,010727W,44003
400338N,VALENCIA,705,8381X,ADEMUZ,,011701W,46140
401410N,TERUEL,1430,8376,JABALOYAS,,012442W,
402511N,TERUEL,1130,8354X,ALBARRACÍN,,012629W,44100
393950N,VALENCIA,198,8409X,LLÍRIA,,003914W,
392906N,VALENCIA,56,8414A,VALENCIA AEROPUERTO,08284,002829W,46940
392850N,VALENCIA,11,8416,VALÈNCIA,08285,002159W,46010
392846N,VALENCIA,6,8416X,"VALENCIA, UPV",,002014W,46022
394512N,VALENCIA,515,8395X,CHELVA,,005937W,
402550N,TERUEL,1380,8458X,CEDRILLAS,,005058W,
392850N,VALENCIA,11,8416Y,"VALÈNCIA, VIVEROS",08285,002159W,46010
400516N,CASTELLON,601,8472A,MONTANEJOS,,003249W,12448
394744N,CASTELLON,400,8439X,SEGORBE,,002907W,12400
394203N,VALENCIA,24,8446Y,SAGUNT/SAGUNTO,,001532W,46500
395921N,CASTELLON,23,8501,CASTELLÓ DE LA PLANA,,000156W,12003
395726N,CASTELLON,43,8500A,CASTELLÓ - ALMASSORA,08286,000419W,12250
402145N,TERUEL,1515,8486X,MOSQUERUELA,,002716W,
401338N,CASTELLON,420,8492X,ATZENETA DEL MAESTRAT,,001011W,12132
402600N,CASTELLON,1130,8489X,VILLAFRANCA DEL CID/VILAFRANCA,08241,001520W,12150
404137N,CASTELLON,1165,8520X,LA POBLA DE BENIFASSÀ-FREDES,,000955E,12599
403315N,CASTELLON,111,8523X,VINARÒS,08239,002547E,43550
425931N,CANTABRIA,870,9001D,REINOSA,08032,040938W,39212
401241N,CASTELLON,35,8503Y,TORREBLANCA,,001101E,12596
424822N,CANTABRIA,720,9019B,"VALDERREDIBLE, POLIENTES   ",08033,035602W,39220
425705N,BURGOS,915,9012E,SANTA GADEA DE ALFOZ,,035726W,09571
424835N,CANTABRIA,770,9016X,"VALDERREDIBLE, CUBILLO DE EBRO",,040156W,39250
430212N,CANTABRIA,1650,9001S,ALTO CAMPOO,08061,042228W,
423334N,BURGOS,730,9031C,BRIVIESCA,,031832W,09240
425231N,ARABA/ALAVA,910,9060X,LALASTRA,,031354W,01427
424449N,BURGOS,1017,9027X,SARGENTES DE LA LORA,,035304W,
425512N,BURGOS,580,9051,MEDINA DE POMAR,08063,032858W,09500
424114N,BURGOS,460,9069C,MIRANDA DE EBRO,,025738W,09200
424947N,ARABA/ALAVA,660,9073X,"AGURAIN/SALVATIERRA, OPAKUA",,022135W,01207
425255N,ARABA/ALAVA,513,9091O,FORONDA-TXOKIZA,08080,024406W,01196
425059N,ARABA/ALAVA,521,9087,VITORIA AERÓDROMO,,023922W,01002
423431N,LA RIOJA,465,9121X,HARO,,025117W,26200
422516N,BURGOS,820,9111,BELORADO,08077,031013W,09250
425219N,ARABA/ALAVA,513,9091R,VITORIA-GASTEIZ AEROPUERTO,08080,024358W,01191
421518N,LA RIOJA,1630,9115X,VALDEZCARAY,,025805W,
422450N,LA RIOJA,500,9141V,NÁJERA,,024336W,26300
421351N,LA RIOJA,1006,9136X,"ANGUIANO, VALVANERA",,025216W,
423614N,ARABA/ALAVA,612,9122I,LABASTIDA,,024636W,01330
423402N,ARABA/ALAVA,575,9145X,LEZA,,023758W,01309
422858N,LA RIOJA,429,9145Y,CENICERO,,023822W,26350
423413N,NAVARRA,470,9171K,LOS ARCOS,,021102W,31210
422708N,LA RIOJA,353,9170,"LOGROÑO, AEROPUERTO",08084,021952W,26160
424735N,HUESCA,2276,9195C,ASTÚN- LA RACA,08909,003019W,22889
420858N,LA RIOJA,855,9188,ENCISO,,021624W,26586
424458N,HUESCA,1197,9198X,CANFRANC,,003058W,22880
424014N,ARABA/ALAVA,570,9178X,CAMPEZO/KANPEZU,,022046W,01110
423444N,HUESCA,823,9201K,JACA,08091,003249W,22700
423447N,HUESCA,832,9201X,JACA,08091,003242W,22700
423051N,HUESCA,722,9211F,"BAILO, PUYALTO",,004902W,22760
424426N,HUESCA,860,9207,"VALLE DE HECHO, HECHO",,004502W,22720
424231N,HUESCA,1025,9208E,ARAGÜÉS DEL PUERTO,08095,004022W,22730
424303N,NAVARRA,612,9238X,NAVASCUÉS/NABASKOZE,,010702W,31454
425145N,NAVARRA,838,9218A,ISABA/IZABA,,005529W,31417
430028N,NAVARRA,947,9228T,RONCESVALLES/ORREAGA,,011932W,31650
425346N,NAVARRA,635,9228J,OROZ-BETELU/OROTZ-BETELU,,011801W,31693
422921N,NAVARRA,390,9252X,OLITE/ERRIBERRI,,013920W,31390
425814N,NAVARRA,615,9257X,"ESTERIBAR, EMBALSE DE EUGI",,013101W,31630
423117N,NAVARRA,440,9245X,CÁSEDA,,012159W,
422927N,ZARAGOZA,626,9244X,SOS DEL REY CATÓLICO,08090,011248W,50680
425508N,NAVARRA,432,9274X,IRURTZUN,,015006W,31860
424904N,NAVARRA,450,9262,PAMPLONA,,013818W,31002
424204N,NAVARRA,585,9262P,MONREAL/ELO,,012944W,31472
424637N,NAVARRA,459,9263D,"PAMPLONA, AEROPUERTO",08085,013900W,31191
424634N,NAVARRA,572,9263X,"ARANGUREN, ILUNDAIN  ",08089,013157W,31192
421034N,LA RIOJA,371,9293X,"ALFARO, LA PLANA",,014438W,26540
421155N,NAVARRA,295,9294E,"BARDENAS REALES, BASE AÉREA",08087,012831W,
423258N,NAVARRA,375,9280B,LARRAGA,,015127W,31252
420135N,SORIA,1096,9287A,SAN PEDRO MANRIQUE,,021351W,42174
421225N,NAVARRA,268,9283X,CADREITA,08153,014241W,26540
415903N,ZARAGOZA,543,9336D,CASTEJON DE VALDEJASA,,005945W,
420320N,NAVARRA,297,9302Y,TUDELA,,013634W,31500
415732N,NAVARRA,410,9301X,MONTEAGUDO,,014126W,31520
420716N,ZARAGOZA,321,9321X,EJEA DE LOS CABALLEROS,,010823W,50600
415454N,ZARAGOZA,475,9299X,TARAZONA,,014324W,50500
411735N,ZARAGOZA,703,9354X,ALHAMA DE ARAGON,,015343W,
413429N,SORIA,1000,9352A,ALMAZUL,,020825W,
411259N,SORIA,863,9344C,ARCOS DE JALÓN,,021735W,42250
403400N,TERUEL,1000,9374X,SANTA EULALIA DEL CAMPO,,011915W,44360
405154N,TERUEL,932,9381,"CALAMOCHA, AERÓDROMO",,011818W,44350
404643N,GUADALAJARA,1185,9377Y,EL PEDREGAL,,013406W,19327
405534N,TERUEL,884,9381I,CALAMOCHA,08233,011736W,44200
412852N,ZARAGOZA,370,9427X,LA ALMUNIA DE DOÑA GODINA,,012251W,50100
410652N,ZARAGOZA,774,9390,DAROCA,08157,012436W,50360
411952N,ZARAGOZA,582,9394X,CALATAYUD,08156,013843W,50300
413938N,ZARAGOZA,249,9434,"ZARAGOZA, AEROPUERTO",08160,010015W,50197
405943N,TERUEL,1255,9436X,FONFRÍA,,010515W,
413716N,ZARAGOZA,258,9434P,"ZARAGOZA, VALDESPARTERA",08159,005605W,50019
424545N,HUESCA,1800,9445L,"FORMIGAL, SARRIOS",08096,002334W,
424157N,HUESCA,1100,9453X,"BIESCAS, EMBALSE DE BÚBAL",,001908W,22665
424216N,HUESCA,1850,9451F,"PANTICOSA, PETROSOS",08915,001631W,22661
420146N,HUESCA,390,9491X,ALMUDÉVAR,,003509W,22270
412635N,ZARAGOZA,535,9501X,VALMADRID ,,005309W,
414748N,ZARAGOZA,405,9495Y,LECIÑENA,,003702W,50160
412545N,ZARAGOZA,205,9510X,QUINTO,,003014W,
423046N,HUESCA,775,9460X,SABIÑÁNIGO,,002120W,22600
410152N,TERUEL,800,9513X,MUNIESA,,004820W,
404943N,TERUEL,895,9531Y,MONTALBÁN,,004734W,44700
411019N,TERUEL,305,9546B,HIJAR,,002631W,44530
405828N,TERUEL,762,9550C,"ANDORRA, HORCALLANA",,002428W,44500
405648N,TERUEL,466,9569A,CALANDA,08166,001416W,44570
410329N,TERUEL,334,9573X,ALCAÑIZ,08164,000830W,44600
402955N,CASTELLON,1220,9563X,CASTELLFORT,08237,001112W,
404754N,TERUEL,755,9561X,CASTELLOTE,,001855W,
403718N,CASTELLON,990,9562X,MORELLA,,000607W,12300
421957N,GIRONA,1699,9585,LA MOLINA,08117,015622E,17538
413119N,ZARAGOZA,357,9576C,BUJARALOZ,08165,001027W,50177
422144N,LLEIDA,1038,9590,MARTINET  ,,014136E,25724
411433N,ZARAGOZA,215,9574B,"CASPE, PLANA DEL PILÓN",08165,000407W,50700
421349N,LLEIDA,1196,9632X,TUIXENT,,013410E,25717
422549N,LLEIDA,1940,9590D,CAP DE REC,08940,014003E,25726
422117N,LLEIDA,677,9619,LA SEU D'URGELL,08115,012746E,25700
420916N,LLEIDA,609,9638D,COLL DE NARGÓ,,011843E,25793
423730N,LLEIDA,952,9657X,ESTERRI D'ÀNEU,,010734E,25580
414821N,LLEIDA,435,9647X,TORÀ,,012344E,25750
415253N,LLEIDA,400,9650X,ARTESA DE SEGRE,,010631E,25739
423451N,LLEIDA,1907,9660,SANT MAURICI (LLAC),,010027E,25597
422436N,LLEIDA,2410,9677,PORT AINÉ,08938,011253E,25566
414052N,LLEIDA,463,9718X,TORDERA - GRANYANELLA,,011323E,25218
422759N,LLEIDA,1273,9689X,TORRE DE CABDELLA ,,005927E,25512
420401N,LLEIDA,515,9707,LLIMIANA,,005426E,25639
421217N,LLEIDA,807,9698U,TALARN,08112,005153E,25640
415224N,LLEIDA,520,9724X,OS DE BALAGUER,,004522E,25612
413902N,LLEIDA,388,9720X,TÀRREGA,08173,010858E,25300
413326N,TARRAGONA,657,9726E,LLORAC,,011834E,43427
420645N,HUESCA,765,9756X,BENABARRE,,002848E,22580
413701N,LLEIDA,252,9729X,MOLLERUSSA,,005160E,25230
423012N,LLEIDA,1089,9744B,VALL DE BOÍ,,004756E,25527
421907N,HUESCA,760,9751,SOPEIRA,,004449E,22583
413734N,LLEIDA,186,9771C,LLEIDA,08171,003553E,25199
412158N,LLEIDA,673,9772X,LA POBLA DE CÉRVOLES,,005449E,25471
413702N,LLEIDA,199,9771,"LLEIDA, OBSERVATORIO",,003716E,25006
412449N,LLEIDA,392,9775X,EL SOLERÀS,,004042E,25163
423748N,HUESCA,992,9784P,BIELSA,08103,001329E,22350
423736N,HUESCA,1020,9814A,TORLA,08101,000642W,22376
423922N,HUESCA,1905,9814I,"TORLA-ORDESA, EL CEBOLLAR",08919,000728W,22376
412336N,LLEIDA,488,9776D,ELS TORMS,,004403E,25164
423919N,HUESCA,1206,9812M,"PARADOR DE ORDESA, PARQUE NACIONAL ORDESA Y MONTEPERDIDO",,000557W,22376
423815N,HUESCA,1076,9814X,TORLA - ORDESA,,000643W,22376
422518N,HUESCA,610,9808X,"AÍNSA-SOBRARBE, LA SERRETA",,000817E,22330
423558N,HUESCA,1120,9838B,BENASQUE,,003114E,22440
422837N,HUESCA,825,9843A,SEIRA,,002603E,
423318N,HUESCA,2374,9839V,"CERLER, COGULLA",08923,003235E,22449
420117N,HUESCA,305,9866C,BARBASTRO,,000826E,22300
421205N,HUESCA,600,9855E,"CAPELLA, LAGUARRES",,002758E,
414757N,HUESCA,300,9894Y,SARIÑENA,,000939W,
420820N,HUESCA,463,9901X,HUESCA,,002342W,22006
420504N,HUESCA,546,9898,"HUESCA, AEROPUERTO",08094,001932W,22135
414626N,HUESCA,380,9908X,LANAJA,,001959W,
413710N,HUESCA,178,9911X,BALLOBAR,,001116E,
414651N,HUESCA,218,9918Y,"TAMARITE DE LITERA, LA MELUSA",,002237E,22540
405224N,TERUEL,483,9935X,VALDERROBRES,,000847E,44580
413129N,HUESCA,170,9924X,FRAGA,,002120E,22520
410018N,TARRAGONA,112,9975X,RASQUERA,,003649E,43513
405711N,TARRAGONA,495,9946X,HORTA DE SANT JOAN,,001842E,43596
404913N,TARRAGONA,50,9981A,ESTACIÓN DE TORTOSA (ROQUETES),08238,002936E,43520
411038N,TARRAGONA,370,9947X,LA POBLA DE MASSALUCA,,002112E,43782
411458N,TARRAGONA,363,9961X,CABACÉS,,004407E,43373
404157N,TARRAGONA,1,9987P,SANT JAUME D'ENVEJA,08240,004836E,43877
424201N,LLEIDA,1161,9990X,"NAUT ARAN, ARTIES ",08107,005237E,25539
424131N,LLEIDA,2467,9988B,CAP DE VAQUÈIRA,08936,005826E,25598
424634N,LLEIDA,722,9994X,BOSSÒST,,004123E,25550
405517N,TERUEL,1006,9998X,BELLO,,012940W,
430528N,NAVARRA,334,9995Y,VALCARLOS/LUZAIDE,,011803W,31660
